Subject,Proportion_1s,Proportion_2s,Shannon_Entropy,RunsTest_p,ACF_Lag1,ACF_Lag2,ACF_Lag3,ACF_Lag4,ACF_Lag5,ACF_Lag6,ACF_Lag7,ACF_Lag8,ACF_Lag9,ACF_Lag10
sub-001,0.5666666666666667,0.43333333333333335,0.9871377743721862,0.5669656073380547,-0.058408748114630454,-0.18582202111613877,-0.060972850678733016,-0.05263951734539969,-0.05901206636500752,-0.08461538461538458,0.1952111613876319,0.12096530920060326,-0.021153846153846145,-0.19720965309200608
sub-002,0.4666666666666667,0.5333333333333333,0.9967916319816367,0.05864718163894581,-0.17916666666666672,0.09702380952380951,-0.11116071428571432,-0.002380952380952408,0.07291666666666664,-0.034821428571428614,0.04047619047619046,-0.15208333333333343,-0.027678571428571472,0.014136904761904715
sub-003,0.44166666666666665,0.5583333333333333,0.9901592635041825,0.4780078640737574,-0.07305219187083452,0.021735661316061194,-0.07131089833849621,-0.16435745799305357,-0.18981742232235052,0.10378766544635315,0.02566647892612411,0.12045433211301983,-0.04017882286679805,-0.13322538252135555
sub-004,0.5,0.5,1.0,0.7138485162490394,-0.041666666666666664,-0.18333333333333332,-0.058333333333333334,0.016666666666666666,-0.10833333333333334,-0.03333333333333333,-0.025,0.03333333333333333,0.008333333333333333,-0.08333333333333333
sub-005,0.49166666666666664,0.5083333333333333,0.999799616411146,0.584285287432104,0.04139807353894603,0.08307400203760304,-0.0086204501250347,-0.03362971195702505,-0.058638973789015406,0.04972214504028898,-0.14200009261831983,0.08278225432990645,-0.14228257849402604,0.0661063258312495
sub-006,0.5,0.5,1.0,0.7138485162490394,-0.041666666666666664,-0.03333333333333333,-0.008333333333333333,-0.08333333333333333,0.041666666666666664,0.1,-0.041666666666666664,-0.06666666666666667,-0.15833333333333333,-0.03333333333333333
sub-007,0.44166666666666665,0.5583333333333333,0.9901592635041825,0.6848329274287813,0.0283277011170562,0.051586407584717914,-0.2591453111799493,-0.11563878719609498,-0.0884375293344598,0.10378766544635308,-0.05684548953346475,-0.08230545386276167,0.012482399324134013,-0.0129775650051629
sub-008,0.5,0.5,1.0,0.7138485162490394,-0.041666666666666664,0.05,-0.075,-0.1,0.058333333333333334,0.0,-0.10833333333333334,0.05,-0.025,-0.016666666666666666
sub-009,0.4583333333333333,0.5416666666666667,0.99498482818597,0.6554444498153282,-0.047610722610722606,0.11037296037296038,-0.11625874125874129,0.05990675990675992,-0.05064102564102563,-0.10944055944055944,0.03315850815850815,-0.11095571095571095,-0.001923076923076935,0.0064102564102563936
sub-010,0.5333333333333333,0.4666666666666667,0.9967916319816367,0.3320611001241254,-0.09657738095238097,-0.054761904761904796,0.1388392857142857,0.031101190476190428,-0.09449404761904763,-0.019196428571428607,0.10744047619047617,-0.08511904761904765,-0.17723214285714287,-0.019345238095238134
sub-011,0.575,0.42500000000000004,0.9837082626231858,0.315534742760872,-0.09737851662404096,-0.0063512361466325756,0.1724850809889173,-0.023785166240409217,-0.22005541346973576,0.04147485080988916,0.0012148337595907861,0.09735720375106563,-0.04520460358056268,0.03132992327365729
sub-012,0.475,0.525,0.99819587904281,0.7338205733133231,0.02337092731829569,-0.052673350041771094,0.10520050125313275,-0.036006683375104424,0.20624477861319956,-0.0686299081035923,-0.026879699248120323,0.11512113617376768,-0.15975355054302415,-0.03529657477025898
sub-013,0.4666666666666667,0.5333333333333333,0.9967916319816367,0.4319852272608008,-0.08095238095238096,-0.054761904761904824,-0.046428571428571465,0.16279761904761905,-0.19717261904761907,0.06339285714285711,0.004761904761904724,0.013095238095238054,-0.12812499999999996,-0.0014880952380952703
sub-014,0.49166666666666664,0.5083333333333333,0.999799616411146,0.14316013549027876,0.1250324164119663,0.10002315457997589,-0.12504167824395657,-0.15005094007594694,-0.04168982124664253,0.016935259794387342,0.15863897378901543,0.017208483838103184,-0.007800777993887164,-0.032810039825877525
sub-015,0.5666666666666667,0.43333333333333335,0.9871377743721862,0.7181440248812871,0.02417043740573152,-0.03536953242835596,0.026131221719456994,0.03446455505279033,0.16383861236802405,0.021719457013574653,0.06398944193061837,-0.04419306184012069,0.04671945701357462,-0.04675716440422322
sub-016,0.49166666666666664,0.5083333333333333,0.999799616411146,0.06711265476726049,0.15837501157728995,0.016944521626377735,0.008884412336760242,-0.0992034824488283,-0.09087014911549494,0.10056960266740761,0.04221774567009356,-0.08281930165786786,-0.05809252570158374,-0.14978697786422146
sub-017,0.6,0.4,0.9709505944546688,0.9390839811086595,-0.012500000000000037,0.009722222222222202,-0.05138888888888892,-0.1472222222222223,0.03472222222222221,0.18194444444444446,-0.0666666666666667,0.011111111111111098,0.05416666666666663,-0.14583333333333343
sub-018,0.375,0.625,0.954434002924965,0.04488630938527226,0.17722222222222223,0.13666666666666666,0.03833333333333333,0.11777777777777777,-0.01611111111111111,-0.043333333333333335,-0.08388888888888889,-0.017777777777777778,0.08388888888888889,-0.02777777777777778
sub-019,0.5,0.5,1.0,0.359283687782044,0.075,-0.08333333333333333,0.14166666666666666,-0.03333333333333333,0.09166666666666666,0.06666666666666667,-0.075,-0.03333333333333333,0.008333333333333333,-0.05
sub-020,0.5416666666666666,0.45833333333333337,0.99498482818597,0.6554444498153282,-0.05040792540792545,0.15932400932400942,-0.03374125874125873,0.041724941724941726,-0.06602564102564104,0.11013986013986017,-0.1654428904428905,0.044289044289044295,0.17150349650349656,-0.03974358974358974
sub-021,0.5083333333333333,0.4916666666666667,0.999799616411146,0.8568849305265025,0.008055478373622346,-0.0005603408354172219,-0.042518755209780434,-0.11781976474946738,-0.04280124108548667,-0.11810225062517359,0.10723580624247478,-0.03419468370843751,0.040823839955543235,-0.017528017041770823
sub-022,0.5,0.5,1.0,0.19934384594597443,0.10833333333333334,0.11666666666666667,0.058333333333333334,0.15,-0.058333333333333334,0.1,0.041666666666666664,-0.08333333333333333,-0.14166666666666666,0.0
sub-023,0.48333333333333334,0.5166666666666666,0.9991983542636399,0.4553991382649978,-0.07564886911383016,-0.1006859473489062,0.10786985539488324,0.03333333333333335,0.041666666666666706,-0.1007230255839822,0.17457360029662594,-0.017315535780496823,0.057758620689655205,0.04996292176492403
sub-024,0.5166666666666667,0.4833333333333333,0.9991983542636397,0.4703125519326017,0.056720430107526906,0.09842417500926962,0.07338709677419357,-0.03563218390804597,0.1729236188357435,-0.06957730812013349,-0.07737300704486469,0.014942528735632194,0.07277530589543942,0.11447905079718212
sub-025,0.525,0.475,0.99819587904281,0.978003961604735,-0.01171679197994988,-0.019256474519632392,0.08932748538011688,0.030827067669172932,0.021616541353383447,-0.019340016708437754,0.07337092731829568,0.03241436925647451,-0.04362990810359237,0.0315371762740183
sub-026,0.4666666666666667,0.5333333333333333,0.9967916319816367,0.3320611001241254,-0.09657738095238098,0.012202380952380926,0.12098214285714283,-0.1385416666666667,0.1376488095238095,0.04553571428571425,-0.13139880952380956,0.07782738095238093,-0.01428571428571435,0.0944940476190476
sub-027,0.475,0.525,0.99819587904281,0.37267358336226053,0.07266081871345025,-0.01925647451963241,0.07178362573099409,-0.13625730994152038,0.0057435254803675645,0.13020050125313276,-0.011006683375104454,-0.0519632414369256,0.10758145363408507,0.049081035923141135
sub-028,0.525,0.475,0.99819587904281,0.978003961604735,-0.01004594820384296,0.0475772765246449,-0.0777568922305764,-0.0694235588972431,-0.010129490392648276,-0.06862990810359228,0.22458228905597316,-0.01687552213868003,0.04241854636591467,0.05075187969924806
sub-029,0.5,0.5,1.0,0.359283687782044,0.075,-0.23333333333333334,0.041666666666666664,0.2,-0.175,-0.15,0.19166666666666668,0.08333333333333333,-0.325,-0.15
sub-030,0.5416666666666666,0.45833333333333337,0.99498482818597,0.17087183083716706,-0.13292540792540797,-0.0057109557109557155,-0.08269230769230772,0.09347319347319345,0.1535547785547786,0.027622377622377656,-0.08012820512820512,-0.08997668997668999,0.00367132867132867,0.030186480186480215
sub-031,0.43333333333333335,0.5666666666666667,0.9871377743721862,0.44772132487020955,-0.0776395173453997,-0.03536953242835596,-0.04174208144796379,-0.10128205128205128,-0.09294871794871797,0.1042986425339366,-0.04234539969834089,0.13567119155354446,-0.12748868778280548,-0.05128205128205127
sub-032,0.5166666666666667,0.4833333333333333,0.9991983542636397,0.9902366979491976,-0.010020393029291778,-0.01781609195402298,0.1412402669632926,0.08283277715980723,-0.008945124212087477,-0.08348164627363737,0.07446236559139789,-0.03344456803856137,0.008259176863181332,0.0004634779384501208
sub-033,0.48333333333333334,0.5166666666666666,0.9991983542636399,0.0034490724666678915,0.256942899517983,0.13179458657767892,-0.010595105672969942,0.04723767148683725,0.004959213941416403,0.09616240266963295,0.0043845012977382445,0.1128290693362996,0.08779199110122361,0.045513533555802774
sub-034,0.5416666666666666,0.45833333333333337,0.99498482818597,0.6554444498153282,-0.050407925407925394,-0.008508158508158519,-0.11625874125874129,-0.05617715617715618,-0.0995920745920746,0.11013986013986013,-0.04935897435897436,0.16037296037296037,0.05262237762237762,0.12808857808857804
sub-035,0.48333333333333334,0.5166666666666666,0.9991983542636399,0.4553991382649978,-0.07676121616611051,0.11566555431961442,0.04112903225806453,-0.13463107156099374,-0.04231553578049687,0.08337041156840938,-0.02564886911383019,-7.415647015200274e-05,0.17511123470522813,-0.18362995921394146
sub-036,0.475,0.525,0.99819587904281,0.6927022134595406,-0.04513366750208858,-0.003383458646616557,0.05591060985797822,0.1310776942355889,-0.09450710108604843,0.09845446950710103,-0.009335839598997498,-0.0010025062656641832,0.10758145363408508,0.09837092731829564
sub-037,0.5,0.5,1.0,0.5822929538375821,0.041666666666666664,-0.03333333333333333,0.025,0.016666666666666666,-0.10833333333333334,0.2,0.008333333333333333,-0.016666666666666666,-0.025,0.13333333333333333
sub-038,0.5083333333333333,0.4916666666666667,0.999799616411146,0.2002898486305963,0.10808326386959341,0.09946744466055386,0.007772992497916109,-0.10031490228767243,0.057782254329906475,-0.017518755209780443,0.07389321107715108,0.11556913957580808,0.07416643512086692,-0.0011345744188200012
sub-039,0.5083333333333333,0.4916666666666667,0.999799616411146,0.016976109201002055,-0.22534268778364344,-0.016953783458368014,0.007772992497916108,-0.0002871167917013619,-0.15866675928498647,-0.01696304529035841,0.091398073538946,-0.11727331666203568,0.1911433731592108,0.03276373066592575
sub-040,0.5166666666666667,0.4833333333333333,0.9991983542636397,0.7226893020496782,0.024462365591397858,-0.016703744901742673,0.05837041156840938,-0.16688913607712277,-0.12518539117538005,-0.13409343715239155,0.057220986281053064,-0.11853911753800518,-0.01009454949944383,-0.13524286243974784
sub-041,0.49166666666666664,0.5083333333333333,0.999799616411146,0.7160533122646162,0.02500463091599522,-0.05029637862369172,-0.07530564045568205,0.05000463091599519,-0.1750602019079373,0.06667129758266185,-0.09170834491062324,0.033046216541631965,-0.008356487913309223,-2.315457997588583e-05
sub-042,0.5,0.5,1.0,0.27129855712877626,-0.10833333333333334,-0.08333333333333333,0.075,0.016666666666666666,0.14166666666666666,-0.13333333333333333,0.15833333333333333,0.016666666666666666,-0.10833333333333334,0.08333333333333333
sub-043,0.48333333333333334,0.5166666666666666,0.9991983542636399,0.20315073599592404,0.1073322209862811,-0.13516870596959585,-0.010595105672969953,0.03110863922877273,0.09005376344086025,-0.06846496106785317,-0.0935020393029292,0.01494252873563222,0.19012791991101233,0.015480163144234341
sub-044,0.5166666666666667,0.4833333333333333,0.9991983542636397,0.5735082006873394,-0.05951983685576567,0.11566555431961444,0.07449944382647387,-0.10126065999258435,-0.07679829440118649,-0.001724137931034445,0.0066091954022988566,0.14842417500926958,-0.010094549499443817,0.01548016314423436
sub-045,0.4666666666666667,0.5333333333333333,0.9967916319816367,0.6146813058503109,0.0373511904761904,0.04568452380952378,-0.012946428571428609,0.08020833333333331,-0.04538690476190482,-0.003571428571428598,-0.09568452380952384,0.11354166666666661,-0.1125,0.09672619047619051
sub-046,0.5166666666666667,0.4833333333333333,0.9991983542636397,0.5902879817214173,0.04059139784946241,-0.017816091954022933,-0.07622358175750835,-0.03451983685576562,0.007183908045977021,-0.1674638487208009,-0.025648869113830196,0.01605487578791249,-0.008982202447163537,-0.06738969225064884
sub-047,0.43333333333333335,0.5666666666666667,0.9871377743721862,0.44772132487020955,-0.07763951734539969,-0.08401206636500753,-0.05644796380090499,0.05369532428355957,-0.03978129713423833,0.12352941176470586,0.015346907993966817,-0.010256410256410269,-0.05056561085972851,0.05957767722473602
sub-048,0.44166666666666665,0.5583333333333333,0.9901592635041825,0.4780078640737574,-0.07305219187083449,0.08537970524734813,-0.15776541819205858,0.01953440345442595,-0.10730545386276168,-0.09897212052942832,-0.03797756500516288,0.15424762977565,-0.04017882286679808,0.10332770111705622
sub-049,0.5916666666666667,0.4083333333333333,0.9756170302212049,0.84700447004959,-0.026446775893455975,0.050871898054996666,0.14227507904570283,-0.021854939158762104,0.04137922774743702,-0.19173613107214726,-0.11441745712369458,-0.08567596052505512,-0.09142713423397532,-0.20065631886557453
sub-050,0.575,0.42500000000000004,0.9837082626231858,0.7569070043429305,0.0194160272804774,0.1300511508951406,0.03608269394714406,0.23452685421994876,0.07235720375106562,0.08069053708439897,0.06941602728047741,-0.004944586530264286,0.07158994032395563,0.18222506393861887
sub-051,0.5333333333333333,0.4666666666666667,0.9967916319816367,0.9608296895286887,-0.011755952380952412,0.014434523809523795,0.10535714285714283,0.08020833333333333,0.021577380952380924,-0.08616071428571428,0.03824404761904758,0.062202380952380926,-0.012053571428571467,0.01190476190476188
sub-052,0.43333333333333335,0.5666666666666667,0.9871377743721862,0.3441931199475623,-0.09234539969834088,-0.0840120663650075,0.026131221719457004,-0.0187028657616893,0.07673453996983404,-0.0506787330316742,0.010822021116138756,-0.014781297134238319,0.008257918552036177,0.06975867269984912
sub-053,0.48333333333333334,0.5166666666666666,0.9991983542636399,0.8447756036162488,-0.026149425287356295,0.06505376344086027,0.056145717463848735,-0.05287356321839076,-0.061781609195402286,-0.10294771968854283,-0.02787356321839078,-0.035669262143122,-0.06070634037819795,-0.08574341861327398
sub-054,0.6083333333333333,0.3916666666666667,0.9658666887161002,0.9718533711221089,-0.005948217235014084,-0.011313514038667035,0.053271640921014315,-0.14824638103565532,0.021264451569027516,0.12082483241037598,0.12915816574370936,-0.03738463033129311,0.027200524628388244,0.01425726221704069
sub-055,0.48333333333333334,0.5166666666666666,0.9991983542636399,0.20315073599592404,0.10733222098628109,0.06505376344086025,0.056145717463848735,0.013867259918427908,-0.011169818316648102,-0.0028364849833147745,-0.061243974786800146,0.013830181683351888,0.10503337041156845,0.013255469039673739
sub-056,0.49166666666666664,0.5083333333333333,0.999799616411146,0.14149757295687396,-0.1422640548300453,-0.0005603408354172183,0.024722145040289006,-0.15060664999536902,0.07417569695285728,-0.06781050291747702,-0.10921320737241821,-0.050588126331388296,0.024430397332592415,-0.03392145966472163
sub-057,0.6,0.4,0.9709505944546688,0.3022189640857168,-0.1027777777777778,-0.03888888888888892,0.03888888888888886,-0.04305555555555559,0.020833333333333304,-0.12361111111111112,-0.011111111111111124,0.17083333333333334,-0.0638888888888889,-0.034722222222222245
sub-058,0.5416666666666666,0.45833333333333337,0.99498482818597,0.9386768263089119,-0.014044289044289034,-0.10641025641025643,-0.1316433566433567,-0.05617715617715617,0.16893939393939394,0.061188811188811205,-0.046561771561771576,0.0289044289044289,0.07080419580419582,0.012004662004662029
sub-059,0.44166666666666665,0.5583333333333333,0.9901592635041825,0.554001290551795,0.04719562564535811,-0.045850934009199304,-0.022592227541537613,-0.11563878719609501,-0.005925560874870933,-0.11784004505773021,-0.056845489533464764,-0.014718858537501187,0.012482399324134029,0.02081573265746734
sub-060,0.5,0.5,1.0,0.5822929538375821,0.041666666666666664,0.0,-0.025,0.15,0.025,0.03333333333333333,-0.008333333333333333,-0.03333333333333333,-0.125,-0.03333333333333333
sub-061,0.44166666666666665,0.5583333333333333,0.9901592635041825,0.7355783406501135,-0.03925889420820426,0.11917300290997843,-0.19550126724866235,0.08317844738571292,0.008999812259457392,-0.016460152069839525,-0.14330000938702717,0.0002065145968271721,0.057258518727119095,-0.0019947432648080555
sub-062,0.5583333333333333,0.44166666666666665,0.9901592635041825,0.37056892363298033,-0.09192011639913644,-0.016000187740542578,-0.07525344973246977,-0.08578804092743829,0.057718483056416026,-0.0353280765981414,0.025666478926124073,-0.05245470759410497,-0.02525344973246974,0.016873181263493842
sub-063,0.49166666666666664,0.5083333333333333,0.999799616411146,0.4613371544538877,-0.07557886449939791,-0.13393072149671195,0.09140733537093636,-0.15060664999536902,-0.15922246920440852,0.04916643512086692,0.007763730665925755,-0.0172455311660646,0.1578007779938872,0.13279151616189683
sub-064,0.5083333333333333,0.4916666666666667,0.999799616411146,0.2002898486305963,0.10808326386959338,-0.05029637862369174,0.1750416782439566,-0.016680559414652203,-0.10837501157728995,0.03332870241733818,-0.07531490228767246,-0.050588126331388296,-0.025861350375104144,-0.20119014541076213
sub-065,0.5166666666666667,0.4833333333333333,0.9991983542636397,0.9902366979491976,-0.010020393029291818,-0.16853911753800518,0.05725806451612905,-0.01839080459770114,-0.11016870596959587,-0.15133481646273642,-0.0256488691138302,0.10003707823507603,0.008259176863181306,0.01659251019651467
sub-066,0.5583333333333333,0.44166666666666665,0.9901592635041825,0.8793315781899387,-0.02433352107387591,-0.09851215620013144,-0.12397212052942837,-0.10071341406176666,0.07658640758471788,0.08491974091805123,-0.026994743264808052,0.1503050783816765,0.07612644325542098,-0.03184548953346477
sub-067,0.5416666666666666,0.45833333333333337,0.99498482818597,0.7700224812402704,0.019522144522144527,-0.005710955710955729,0.11870629370629372,-0.10792540792540796,0.10180652680652684,0.009440559440559439,-0.09831002331002334,0.06247086247086249,-0.09702797202797206,-0.07331002331002334
sub-068,0.4666666666666667,0.5333333333333333,0.9967916319816367,0.014551863312454416,-0.2305059523809524,0.09479166666666664,-0.012946428571428598,0.028869047619047593,-0.09672619047619054,0.04553571428571425,0.0025297619047618485,-0.08958333333333339,-0.029910714285714332,-0.05505952380952386
sub-069,0.4666666666666667,0.5333333333333333,0.9967916319816367,0.6146813058503109,0.03735119047619042,-0.021279761904761954,0.08750000000000001,0.02886904761904756,0.0706845238095238,-0.07053571428571433,0.0226190476190476,0.13139880952380947,-0.00982142857142859,0.01636904761904761
sub-070,0.4583333333333333,0.5416666666666667,0.99498482818597,0.39740589857776754,0.06847319347319344,-0.0238927738927739,0.036188811188811176,-0.08974358974358976,0.003904428904428921,0.1465034965034965,-0.2143939393939394,-0.07179487179487178,0.0036713286713286495,-0.32365967365967374
sub-071,0.45,0.55,0.9927744539878083,0.3942227248948975,-0.08425925925925927,-0.008585858585858567,-0.04907407407407406,-0.00707070707070705,-0.06607744107744108,-0.0914141414141414,0.03308080808080813,-0.044444444444444446,0.03122895622895624,-0.009259259259259231
sub-072,0.4166666666666667,0.5833333333333333,0.9798687566511528,0.2851124280274012,-0.1030952380952381,-0.04619047619047622,-0.0378571428571429,0.004761904761904729,-0.05547619047619051,0.007142857142857094,-0.03309523809523814,0.043809523809523805,-0.06500000000000004,-0.07666666666666672
sub-073,0.48333333333333334,0.5166666666666666,0.9991983542636399,0.7044350388994907,-0.04339080459770113,-0.05118650352243232,-0.05898220244716352,0.11620318872821658,0.05779569892473121,-0.13409343715239158,-0.19250092695587695,-0.033444568038561356,0.07500000000000007,0.13283277715980726
sub-074,0.5333333333333333,0.4666666666666667,0.9967916319816367,0.3320611001241254,-0.09657738095238101,-0.0034226190476190745,0.022767857142857093,-0.13630952380952388,0.005952380952380923,0.04776785714285713,-0.11130952380952386,-0.16994047619047625,0.10625000000000001,-0.052827380952381
sub-075,0.55,0.44999999999999996,0.9927744539878083,0.31723518623660485,0.08072390572390577,-0.18030303030303024,-0.0036195286195286067,0.038383838383838395,0.09553872053872059,-0.16548821548821546,0.0448653198653199,0.13569023569023575,0.009343434343434353,-0.0648148148148148
sub-076,0.5416666666666666,0.45833333333333337,0.99498482818597,0.9386768263089119,-0.014044289044289044,0.04603729603729606,-0.1288461538461539,0.013752913752913773,-0.04504662004662002,0.01503496503496503,-0.06194638694638692,-0.00466200466200466,-0.07884615384615386,0.048368298368298396
sub-077,0.4666666666666667,0.5333333333333333,0.9967916319816367,0.8925650598900259,0.003869047619047589,-0.02127976190476194,-0.046428571428571465,0.011011904761904704,0.10416666666666659,-0.02142857142857147,0.036011904761904724,-0.056101190476190506,0.06830357142857137,-0.005952380952380993
sub-078,0.55,0.44999999999999996,0.9927744539878083,0.5288727992629338,0.05042087542087545,0.00993265993265997,0.07045454545454549,0.16464646464646465,0.05345117845117847,0.028114478114478144,0.03644781144781147,-0.08989898989898987,0.08678451178451183,-0.17424242424242417
sub-079,0.5416666666666666,0.45833333333333337,0.99498482818597,0.41479185728451273,-0.08397435897435901,-0.008508158508158514,-0.018356643356643373,0.02354312354312354,0.031876456876456884,-0.02692307692307693,-0.00040792540792539903,-0.04382284382284384,-0.08444055944055949,-0.00897435897435899
sub-080,0.575,0.42500000000000004,0.9837082626231858,0.21219221332266114,0.10210997442455241,0.05673486786018753,0.0795609548167093,0.08789428815004263,-0.05466751918158566,0.07557544757033245,0.015707587382779192,-0.09786871270247227,-0.10402813299232733,-0.00788576300085252
sub-081,0.49166666666666664,0.5083333333333333,0.999799616411146,0.7160533122646162,0.025004630915995214,0.05028711679170142,0.12530564045568213,0.08390293600074096,-0.02474066870426966,0.13335648791330929,-0.15839353524127062,-0.01668982124664254,0.008592664629063659,-0.18312957302954516
sub-082,0.48333333333333334,0.5166666666666666,0.9991983542636399,0.4553991382649978,-0.07564886911383015,-0.03394512421208749,0.041129032258064545,-0.03451983685576566,-0.05955691509084166,0.08225806451612906,-0.09350203930292919,0.06444197256210606,-0.07683537263626249,-0.0351316277345198
sub-083,0.5416666666666666,0.45833333333333337,0.99498482818597,0.3025865361573029,0.08385780885780884,-0.04207459207459209,-0.04912587412587412,0.04452214452214451,0.119988344988345,0.009440559440559437,-0.06754079254079258,0.00792540792540792,0.031643356643356636,0.055361305361305374
sub-084,0.575,0.42500000000000004,0.9837082626231858,0.9029449838448241,0.004923273657288993,-0.13763853367433934,-0.041496163682864476,-0.018670076726342733,0.07747229326513214,0.003111679454390439,-0.02265558397271954,0.05387894288150042,0.008503836317135532,-0.05136402387041775
sub-085,0.4666666666666667,0.5333333333333333,0.9967916319816367,0.014551863312454416,-0.2305059523809524,0.04568452380952378,0.12098214285714282,-0.15416666666666667,0.10416666666666664,-0.0035714285714286277,-0.08005952380952387,0.0778273809523809,0.10401785714285713,-0.20684523809523808
sub-086,0.5333333333333333,0.4666666666666667,0.9967916319816367,0.15437100040431764,0.12217261904761902,0.047916666666666614,0.1075892857142857,-0.08497023809523811,0.023809523809523787,-0.08392857142857144,-0.042113095238095255,0.13363095238095235,-0.05892857142857149,-0.06845238095238096
sub-087,0.49166666666666664,0.5083333333333333,0.999799616411146,0.4613371544538877,-0.07557886449939795,0.23283782532184866,0.02472214504028898,-0.15005094007594694,0.0752871167917014,-1.389274798551669e-05,-0.07531490228767243,0.11668055941465222,0.0080369547096416,-0.05031490228767247
sub-088,0.5666666666666667,0.43333333333333335,0.9871377743721862,0.19552492919027575,0.10674962292609345,-0.15641025641025638,-0.16278280542986423,-0.06734539969834089,-0.07371794871794872,0.03642533936651582,0.11263197586726995,0.06779788838612366,0.027488687782805433,-0.04675716440422323
sub-089,0.4,0.6,0.9709505944546688,0.7891039994451313,-0.03333333333333337,-0.11527777777777781,0.10138888888888885,-0.1333333333333334,-0.06944444444444443,-0.06111111111111115,-0.05277777777777779,0.15,-0.029166666666666705,0.013888888888888885
sub-090,0.5333333333333333,0.4666666666666667,0.9967916319816367,0.749551456362651,0.021726190476190458,0.11488095238095243,0.08973214285714284,0.06458333333333333,-0.1614583333333334,0.014285714285714266,-0.077827380952381,-0.036011904761904814,-0.009821428571428602,-0.11755952380952381
sub-091,0.5916666666666667,0.4083333333333333,0.9756170302212049,0.087049136288607,-0.1644174571236946,0.030463734789690545,0.09369790169588962,0.1224393982945291,-0.07618329021749547,0.17359873526875547,-0.025023953243269142,0.08678739101274317,0.02613538373095719,0.03446871706429051
sub-092,0.5416666666666666,0.45833333333333337,0.99498482818597,0.6554444498153282,-0.050407925407925394,0.02505827505827506,0.0515734265734266,-0.056177156177156205,-0.03245920745920746,0.06118881118881118,-0.04656177156177158,0.06247086247086248,-0.09702797202797207,0.030186480186480194
sub-093,0.45,0.55,0.9927744539878083,0.3942227248948975,-0.08425925925925924,0.1446127946127947,0.01826599326599329,0.09393939393939396,0.23695286195286205,-0.024074074074074046,0.0852693602693603,0.04141414141414144,0.08341750841750842,0.04292929292929293
sub-094,0.45,0.55,0.9927744539878083,0.22155168737950692,-0.1179292929292929,0.09242424242424248,-0.049074074074074055,0.026599326599326616,-0.08122895622895619,0.08030303030303035,-0.0797138047138047,-0.22457912457912454,0.12045454545454551,-0.14057239057239052
sub-095,0.475,0.525,0.99819587904281,0.13412073565446925,-0.1453842940685045,-0.03680033416875522,-0.1287176274018379,-0.13625730994152035,0.07257727652464491,-0.036883876357560554,-0.061967418546365886,0.09590643274853795,0.054949874686716686,-0.10380116959064327
sub-096,0.5916666666666667,0.4083333333333333,0.9756170302212049,0.566983464605173,-0.06093944620101564,0.030463734789690538,0.1767677493532625,-0.09084027977388143,0.020971064482130892,-0.005188272492095423,-0.051755772731627875,-0.09199961674810771,-0.16673613107214721,0.08304589441410364
sub-097,0.5,0.5,1.0,0.4633238327303355,-0.075,0.1,0.09166666666666666,-0.21666666666666667,-0.041666666666666664,-0.06666666666666667,-0.058333333333333334,0.016666666666666666,-0.008333333333333333,-0.03333333333333333
sub-098,0.5,0.5,1.0,0.7138485162490394,0.025,-0.13333333333333333,0.175,0.16666666666666666,-0.10833333333333334,0.06666666666666667,0.14166666666666666,0.08333333333333333,0.008333333333333333,-0.05
sub-099,0.5,0.5,1.0,1.0,-0.008333333333333333,-0.03333333333333333,-0.041666666666666664,0.11666666666666667,-0.025,-0.08333333333333333,-0.10833333333333334,-0.05,-0.025,0.08333333333333333
sub-100,0.4666666666666667,0.5333333333333333,0.9967916319816367,0.8155408114359753,-0.029613095238095303,-0.17083333333333336,0.038392857142857104,0.08020833333333331,-0.12797619047619055,0.01428571428571425,0.006994047619047593,-0.05163690476190481,0.12410714285714289,0.03199404761904759
